system:index,B1,B11,B12,B2,B3,B4,B5,B6,B7,B8,B8A,B9,BSI,ID,NDVI,VH,VV,VV/VH,.geo
0000000000000000004e_0,474.5,2727.5,1642.5,581,830.5,811,1360,2033,2246,2448,2531.5,2666,0.077578987,ARU-A,0.50230134,-23.26067109,-14.65324373,8.607427365080808,"{""geodesic"":false,""type"":""Point"",""coordinates"":[23.005719679008326,58.88155751783283]}"
00000000000000000071_0,481.5,2685,1566.5,558,792,752.5,1367,2160.5,2410,2610,2720,2685,0.040799334,ARU-B,0.5524164,-22.16554645,-13.94318084,8.222365604072598,"{""geodesic"":false,""type"":""Point"",""coordinates"":[23.006079005121975,58.8805693710203]}"
00000000000000000013_0,488,2683,1657,579,780,823,1332,2120,2354,2558,2681,2650,0.055547192533493904,ARU-C,0.5131618,-22.22968651,-14.16800327,8.061683239,"{""geodesic"":false,""type"":""Point"",""coordinates"":[23.006977320406094,58.8812880232476]}"
0000000000000000003c_0,447,2415.5,1393.5,500.5,722,690.5,1303.5,2326,2616,2819,2925.5,2706.5,-0.033226986,ARU-K,0.60649663,-21.31010071,-13.53445207,7.775648643275984,"{""geodesic"":false,""type"":""Point"",""coordinates"":[23.31411131604656,58.64997183758682]}"
00000000000000000052_0,408,1756.5,887.5,387,621,427,1064.5,2611,3025.5,2841,3227.5,3387.5,-0.193014876,ASV1-A-UUS,0.7386781,-16.52102453,-11.19306241,5.327962118240711,"{""geodesic"":false,""type"":""Point"",""coordinates"":[24.12996125708391,58.64817520701858]}"
00000000000000000053_0,543.5,2646.5,1507.5,642.5,925.5,785.5,1415,2660,2952.5,3165,3259,3333,-0.051868223,ASV1-B-UUS,0.60232884,-18.56707492,-12.84656232,5.7205126,"{""geodesic"":false,""type"":""Point"",""coordinates"":[23.530874794104598,58.58870673520987]}"
00000000000000000030_0,415,1962,944,412,731,464,1221,3202,3727,4062,3866,3615,-0.296811594,ASV1-C-UUS,0.79496247,-17.59219361,-11.32491074,6.267282866935933,"{""geodesic"":false,""type"":""Point"",""coordinates"":[23.528629005894302,58.58807791451098]}"
00000000000000000026_0,303,1381,659,331,506,299,768.5,2160,2535,2843,2762.5,2812.5,-0.307787392,ASV1-K-UUS,0.8096754,-16.64926763,-10.76855394,5.8807136878923085,"{""geodesic"":false,""type"":""Point"",""coordinates"":[23.16103839163259,58.63973104334786]}"
00000000000000000069_0,506.5,2782.5,1729.5,571,815.5,795.5,1412,2069,2280.5,2521,2552,2488.5,0.072863568,ATL-A,0.5202774,-22.9075904,-14.09478698,8.812803411658395,"{""geodesic"":false,""type"":""Point"",""coordinates"":[22.983621123018988,58.86314205450838]}"
0000000000000000000c_0,352,1130,544,320,462,278,725,1956,2310,2448,2508,3072,-0.325670498,ATL-B,0.79603815,-14.29562016,-8.374674115,5.920946048563314,"{""geodesic"":false,""type"":""Point"",""coordinates"":[23.02467413150325,58.58466431643133]}"
0000000000000000006a_0,475,2141,1191,362.5,633,393,1160.5,2508.5,2831,2868,3116,3093,-0.120825744,ATL-C,0.75896966,-17.28816239,-10.87195018,6.416212208814619,"{""geodesic"":false,""type"":""Point"",""coordinates"":[22.8153666703034,58.76845962356219]}"
00000000000000000035_0,396,1661.5,962.5,414,616,460,951.5,1863.5,2152,2337,2349,2345.5,-0.129194459,EER-A-UUS,0.6710762,-16.682504,-11.4765575,5.205946493244195,"{""geodesic"":false,""type"":""Point"",""coordinates"":[21.90887671709839,58.31319343757041]}"
00000000000000000037_0,341.5,2330.5,1383,407,655.5,541,1289,2301.5,2579,2748,2906,3060.5,-0.04704223,EER-B-UUS,0.6710246,-21.0659822,-13.68967994,7.376302266140838,"{""geodesic"":false,""type"":""Point"",""coordinates"":[21.99709127799893,57.97767267895177]}"
0000000000000000007c_0,398,2209,1206,386,604,470,1061,2450,2815,2822,3235,3046,-0.089859011,EER-C-UUS,0.7144593,-17.18416618,-11.24418532,5.939980861,"{""geodesic"":false,""type"":""Point"",""coordinates"":[22.737392903641826,58.3829925351465]}"
00000000000000000028_0,384.5,1550.5,843,374.5,632,402,980,2184,2491.5,2638,2728.5,2507,-0.213494461,EER-K,0.7355263,-15.62421237,-11.37989734,4.244315031069135,"{""geodesic"":false,""type"":""Point"",""coordinates"":[22.845819558435053,58.79504975597212]}"
00000000000000000066_0,368,2067,1225,476.5,677.5,591.5,1062,2108,2362.5,2470,2607,2614.5,-0.051382694,HAN-A,0.6135881,-17.49283576,-10.74643065,6.746405102495961,"{""geodesic"":false,""type"":""Point"",""coordinates"":[23.26964470948264,58.57927442472661]}"
00000000000000000043_0,402,2145,1080,426,746,462,1265,3320,3809,4124,4119,3975,-0.271482465,HAN-B,0.7985172,-17.60954549,-11.9533702,5.6561752893906725,"{""geodesic"":false,""type"":""Point"",""coordinates"":[23.34914561212722,58.537592595543465]}"
00000000000000000042_0,356.5,1799.5,1016,417,620,500.5,1021.5,2002.5,2258.5,2275,2467.5,2543.5,-0.078525641,HAN-C,0.6393443,-17.41653975,-10.96327332,6.453266436381526,"{""geodesic"":false,""type"":""Point"",""coordinates"":[23.27090235088041,58.579364256255026]}"
00000000000000000032_0,351,1928,1186,467.5,631.5,629.5,994,1784,2054,2197,2275,2182,-0.020490234,HEL-A-LISA,0.5545728,-18.61520763,-12.35113935,6.2640682806588615,"{""geodesic"":false,""type"":""Point"",""coordinates"":[21.946516127503,58.483963173081534]}"
00000000000000000006_0,358,1840,1048,464,704,617,1074,2203,2593,2976,2805,2925,-0.16669493,HEL-A-REF,0.6565544,-16.39740853,-10.28119717,6.116211352201445,"{""geodesic"":false,""type"":""Point"",""coordinates"":[23.085040918596082,58.613230742466335]}"
00000000000000000055_0,343.5,2090,1148,480.5,696,620,1134.5,2163,2482.5,2654,2772,2754,-0.072632389,HEL-B-LISA,0.6212584,-18.27978907,-12.9713894,5.308399676438752,"{""geodesic"":false,""type"":""Point"",""coordinates"":[21.93923977370163,58.446503425733745]}"
00000000000000000041_0,486,2570,1543,537,820,702,1347,2409,2688,2832,2970,3240,-0.014606234,HEL-B-REF,0.60271645,-18.90408976,-11.6118107,7.292279059373035,"{""geodesic"":false,""type"":""Point"",""coordinates"":[23.09105963099968,58.610805291199206]}"
00000000000000000031_0,428,1515,835,429,625,538,891,1878,2127,2518,2354,2595,-0.1788,HEL-C-LISA,0.64790577,-16.80162826,-10.18720162,6.614426636790677,"{""geodesic"":false,""type"":""Point"",""coordinates"":[21.93079561003091,58.44973736075658]}"
00000000000000000064_0,470,2558,1598,517,729,685.5,1309,2176,2423.5,2559,2706,2739,0.026505261492206663,HEL-C-REF,0.5774388,-18.58636196,-13.73852593,4.847836031372211,"{""geodesic"":false,""type"":""Point"",""coordinates"":[23.236137549384985,58.67126190982045]}"
00000000000000000040_0,505,2556,1641,571,797,731,1337,2204,2487,2728,2732,2479,-0.001822047,HEL-K-LISA,0.57733446,-19.59399548,-11.36494613,8.229049343348535,"{""geodesic"":false,""type"":""Point"",""coordinates"":[23.092137609340625,58.60829000840367]}"
0000000000000000005e_0,403,2467,1574,510,728,728,1154,1950,2172,2244,2457,2407,0.074130106,ILP-A,0.5100942,-19.23887956,-12.16375273,7.075126827512356,"{""geodesic"":false,""type"":""Point"",""coordinates"":[22.641991820468334,58.30214415957574]}"
00000000000000000082_0,395,2410.5,1440,460.5,659,646.5,1116,2005,2314.5,2410,2517.5,2440.5,0.031463518,ILP-B-UUS,0.5769671,-19.71005298,-11.88646207,7.823590907224295,"{""geodesic"":false,""type"":""Point"",""coordinates"":[22.641812157411508,58.30070685512115]}"
00000000000000000039_0,302.5,1533.5,830.5,349,499.5,382.5,877,1916.5,2219,2176,2501.5,2391,-0.137131277,ILP-C,0.7009967,-15.36888643,-9.723310306,5.645576127530434,"{""geodesic"":false,""type"":""Point"",""coordinates"":[22.64603423924687,58.30052719206433]}"
00000000000000000029_0,444,1903,1071,524,760,582,1088,2242,2513,2768,2761,2697,-0.139691882,ILP-K,0.6525373,-16.99456861,-11.32139335,5.673175264285735,"{""geodesic"":false,""type"":""Point"",""coordinates"":[23.240000305106697,58.465637541285496]}"
00000000000000000016_0,406,1116,515,360,465,283,660,1882,2210,2344,2403,2802,-0.318059956,KAH1-A,0.7845451,-15.61714674,-10.52275832,5.094388419918246,"{""geodesic"":false,""type"":""Point"",""coordinates"":[23.593756863992965,58.55708603720886]}"
00000000000000000050_0,345,1863,1073,661,952,902,1143,2477,2738,3064,2981,3025,-0.147919877,KAH1-B-UUS,0.54513365,-17.38923336,-11.54747786,5.841755493305408,"{""geodesic"":false,""type"":""Point"",""coordinates"":[23.513716972177917,58.641078516274035]}"
00000000000000000015_0,340,1036,519,332,469,323,676,1667,1917,2084,2075,2248,-0.28,KAH1-C-UUS,0.73161614,-14.05319782,-9.895724707,4.157473110629816,"{""geodesic"":false,""type"":""Point"",""coordinates"":[23.51713057025757,58.64053952710356]}"
00000000000000000005_0,425,2226,1281,553,751,731,1169,2191,2471,2762,2779,2972,-0.057079082,KAH1-K,0.5814486,-19.22094081,-12.20618489,7.014755914817785,"{""geodesic"":false,""type"":""Point"",""coordinates"":[23.15771462508135,58.64053952710356]}"
00000000000000000033_0,376,1826,1105,451,631,611,1019,1808,2093,2288,2359,2271,-0.058346213,KAH2-A-UUS,0.57847536,-16.11927926,-10.97279692,5.146482336332133,"{""geodesic"":false,""type"":""Point"",""coordinates"":[21.99026408183962,58.423865880573935]}"
00000000000000000057_0,365,2121,1407,497,640,648,1044,1708,1968,2024,2207,2244,0.046880907372400756,KAH2-B-UUS,0.51497006,-19.70075522,-12.75084277,6.949912451183577,"{""geodesic"":false,""type"":""Point"",""coordinates"":[21.925226055269366,58.28714229433095]}"
00000000000000000021_0,530,2233.5,1190.5,493.5,765.5,652.5,1325.5,2785,3126.5,3417,3455,3439.5,-0.150739351,KAH2-C-UUS,0.67932177,-18.76398477,-11.98902477,6.774959999655781,"{""geodesic"":false,""type"":""Point"",""coordinates"":[23.28464657472744,58.476776650808574]}"
00000000000000000025_0,429,2333,1380,469,662,612,1126,2014,2249,2406,2529,2700,0.012027491408934709,KAH2-K,0.5944334,-19.3167837,-12.2357498,7.081033897840056,"{""geodesic"":false,""type"":""Point"",""coordinates"":[23.20415752527033,58.66677033339985]}"
0000000000000000004f_0,330,1367,692,420,616,468,824,1945,2278,2428,2483,2643,-0.216314328,KAS-A,0.6767956,-16.59870988,-11.50729262,5.091417254707004,"{""geodesic"":false,""type"":""Point"",""coordinates"":[23.036172567139978,58.86790312551422]}"
00000000000000000072_0,325.5,1299,643,328,487,338.5,772,1918.5,2243.5,2423,2454.5,2640,-0.253731343,KAS-B,0.75484335,-15.8764319,-10.62870235,5.247729553782703,"{""geodesic"":false,""type"":""Point"",""coordinates"":[23.03608273561157,58.86817262009945]}"
00000000000000000014_0,318,1148,545,313,445,288,678,1758,2044,2148,2222,2553,-0.263022838,KAS-C-UUS2,0.7635468,-14.88457158,-10.28482207,4.599749512409373,"{""geodesic"":false,""type"":""Point"",""coordinates"":[23.035992904083155,58.86727430481533]}"
00000000000000000061_0,396.5,2376,1306,499,726.5,681.5,1276,2458,2760.5,2871,3078,3173,-0.048619214,KAS-K,0.6163265,-20.90497709,-14.31293063,6.592046459184436,"{""geodesic"":false,""type"":""Point"",""coordinates"":[23.31330283229085,58.65006166911523]}"
0000000000000000004c_0,330,1980,1198,449.5,639.5,580,1033.5,1896.5,2190,2294,2420.5,2502,-0.034599793,KOG-A,0.59638137,-16.90999856,-10.89517839,6.014820166973781,"{""geodesic"":false,""type"":""Point"",""coordinates"":[22.306560893378105,58.318762992331955]}"
0000000000000000004d_0,347,2437,1320,499,725,683,1274,2328,2627,2754,2943,2963,-0.020869292,KOG-B,0.6025604,-18.79076326,-12.00669386,6.784069393535832,"{""geodesic"":false,""type"":""Point"",""coordinates"":[22.68502112257766,58.225517865840345]}"
0000000000000000002d_0,296,1741,908,329,538,356,980,2222,2549,2640,2772,2739,-0.172127912,KOG-C-UUS,0.7623498,-16.19820863,-10.78510349,5.413105142337566,"{""geodesic"":false,""type"":""Point"",""coordinates"":[22.674151507639813,58.2432146769375]}"
00000000000000000022_0,444,1863.5,1101.5,475,679.5,540.5,1034.5,1948.5,2180.5,2372,2440,2610,-0.084364883,KOG-K,0.6288412,-16.88412287,-11.50907151,5.375051360478141,"{""geodesic"":false,""type"":""Point"",""coordinates"":[23.38777316934436,58.54585709615737]}"
0000000000000000007b_0,472,2778,1905,582,781,878,1318,1983,2263,2470,2511,2285,0.090041741,KOR-A,0.47550777,-19.44054318,-12.35813974,7.082403449693453,"{""geodesic"":false,""type"":""Point"",""coordinates"":[21.99493532131704,58.42188958694887]}"
00000000000000000034_0,351,1996,1203,454,665,659,1049.5,1888.5,2149.5,2304,2385,2470,-0.019028265,KOR-B-UUS,0.55518055,-17.40053947,-10.98336317,6.417176307916641,"{""geodesic"":false,""type"":""Point"",""coordinates"":[22.74404043674431,58.38937057366375]}"
00000000000000000058_0,437,2268,1806,558,708,831,1171,1519,1719,1770,1892,1942,0.14206744057490325,KOR-C,0.361015,-19.21338464,-10.51057738,8.702807257302982,"{""geodesic"":false,""type"":""Point"",""coordinates"":[21.993138690748804,58.42162009236364]}"
00000000000000000008_0,521,2771,1680,565,802,855,1439,2200,2475,2756,2746,2977,0.043903843385634085,KOR-K,0.52644694,-22.2914873,-13.49904186,8.792445447139972,"{""geodesic"":false,""type"":""Point"",""coordinates"":[22.985956742757697,58.86341154909362]}"
00000000000000000078_0,434.5,2683.5,1629,575,799.5,808,1349,2250.5,2535.5,2767,2843.5,2855,0.021877515182556522,KUR-A,0.547972,-21.71999698,-14.64446833,7.075528645,"{""geodesic"":false,""type"":""Point"",""coordinates"":[21.94103640426987,58.44596443656328]}"
0000000000000000001a_0,614,3070,1986,686,898,931,1597,2297,2559,2746,2885,2921,0.076550518,KUR-B,0.49360892,-18.7831252,-12.54184688,6.241278320310766,"{""geodesic"":false,""type"":""Point"",""coordinates"":[21.922980267059067,58.28543549529112]}"
00000000000000000056_0,476,2665,1741,630,841,852,1423.5,2323,2618.5,2742,2900.5,2937.5,0.021048047612135287,KUR-C,0.52587646,-19.68111064,-12.92751081,6.753599828103443,"{""geodesic"":false,""type"":""Point"",""coordinates"":[21.95163652462248,58.50884650645164]}"
00000000000000000044_0,315,1689,854,409,640,455,1007,2429,2769,2894,3028,3060,-0.212777676,KUR-K,0.7282771,-16.38292405,-11.04864611,5.334277939445096,"{""geodesic"":false,""type"":""Point"",""coordinates"":[23.02377581621913,58.584574484902916]}"
0000000000000000000f_0,416.5,2490.5,1278,495,787.5,546,1387,3194.5,3594,3782,3996.5,3619.5,-0.16961783,LOE1-A,0.7476895,-19.62171192,-11.69202724,7.929684685398456,"{""geodesic"":false,""type"":""Point"",""coordinates"":[23.070128884879697,58.437699935949375]}"
0000000000000000002b_0,359.5,1421,705.5,377.5,556.5,355,807.5,2178,2506.5,2682,2789.5,2541.5,-0.265432737,LOE1-B,0.76621664,-15.97948786,-10.74111813,5.238369723425484,"{""geodesic"":false,""type"":""Point"",""coordinates"":[23.06806275972622,58.43886774581873]}"
0000000000000000006c_0,448.5,2856,1868,556,682,733.5,1238.5,1935.5,2195,2369,2506,2522.5,0.10200322357817176,LOE1-C-UUS,0.5271555,-21.11408139,-13.49124833,7.622833061212255,"{""geodesic"":false,""type"":""Point"",""coordinates"":[23.04075397508899,58.8317010195642]}"
00000000000000000001_0,412,2557,1415,555,763,601,1228,2520,2882,3140,3160,2987,-0.078359842,LOE1-K,0.67869556,-20.08244897,-13.21081861,6.871630352444312,"{""geodesic"":false,""type"":""Point"",""coordinates"":[23.347169318502157,58.62688513478495]}"
0000000000000000006b_0,454,2437,1338,481,757,625,1383,2720,3091,3248,3338,3164,-0.09821823,LOE2-A,0.67725277,-21.41860027,-13.81360156,7.6049987058073665,"{""geodesic"":false,""type"":""Point"",""coordinates"":[23.21107455295805,58.46168495403537]}"
0000000000000000000d_0,455.5,2793.5,1879,661,835.5,911,1304.5,1975,2255.5,2596,2566.5,2533,0.064282123,LOE2-B,0.48046765,-17.26905855,-13.16937281,4.099685742225564,"{""geodesic"":false,""type"":""Point"",""coordinates"":[23.04030481744693,58.831341693450554]}"
0000000000000000002a_0,437,1485,742,410,632,403,925,2253,2581,2630,2778,2760,-0.233766234,LOE2-C-UUS,0.7342565,-16.36830507,-10.64473293,5.723572137270011,"{""geodesic"":false,""type"":""Point"",""coordinates"":[23.26488363847681,58.456564556915886]}"
00000000000000000047_0,605,2297,1317,550,779,736,1321,2178,2403,2614,2721,2883,-0.021139261,LOE2-C-UUS2,0.560597,-17.69082759,-11.32666227,6.364165315815123,"{""geodesic"":false,""type"":""Point"",""coordinates"":[23.215116971736588,58.46339175307519]}"
0000000000000000001e_0,238,1061,557,290,415,286,625,1475,1721,1930,1931,1937,-0.244743482,LOU-A,0.74187726,-14.07233006,-9.39109559,4.681234470940243,"{""geodesic"":false,""type"":""Point"",""coordinates"":[21.936724490906098,58.302054328047326]}"
00000000000000000038_0,410,1767,960,350,583,410,962,2128,2440,2500,2659,2710,-0.133877064,LOU-B-UUS,0.7182131,-16.05203001,-10.8559075,5.196122509835234,"{""geodesic"":false,""type"":""Point"",""coordinates"":[22.31275926883853,58.28768128350142]}"
0000000000000000007e_0,348,2176.5,1183,420.5,694,540.5,1129,2562,2922,3163,3260,3377,-0.137528768,LOU-C-UUS,0.70811397,-19.55073671,-13.18015444,6.370582274205372,"{""geodesic"":false,""type"":""Point"",""coordinates"":[21.995384478959103,57.97668453213924]}"
00000000000000000045_0,532.5,2767.5,1826.5,634.5,835.5,859.5,1349.5,1852,2054.5,2165,2347.5,2438,0.12876371275188672,LOU-K,0.4316416,-23.26784526,-14.59164349,8.676201766515465,"{""geodesic"":false,""type"":""Point"",""coordinates"":[22.983621123018988,58.86386070673568]}"
0000000000000000003b_0,575,2941,1946,602,783,794,1281,1956,2169,2410,2438,2613,0.10715873721654068,MAL-A,0.50436956,-23.04788597,-14.97001913,8.077866846415946,"{""geodesic"":false,""type"":""Point"",""coordinates"":[23.38498839196359,58.54468928628801]}"
00000000000000000060_0,589,2986,1927,651,867,839,1435,2200,2462,2580,2739,2652,0.084183673,MAL-B,0.5092132,-22.46143023,-14.55487782,7.906552404945099,"{""geodesic"":false,""type"":""Point"",""coordinates"":[23.38516805502041,58.54424012864595]}"
00000000000000000003_0,500,2910,1750,642,847,1007,1476,2220,2478,2730,2863,2883,0.074770202,MAL-C,0.46106502,-21.89340415,-14.93678102,6.9566231235232525,"{""geodesic"":false,""type"":""Point"",""coordinates"":[23.325969077796938,58.64835487007541]}"
00000000000000000062_0,478,2777,1707,549,773,739,1370,2169,2406,2586,2704,2990,0.057284619,MON-A,0.5554887,-20.50597704,-12.66591364,7.840063401742825,"{""geodesic"":false,""type"":""Point"",""coordinates"":[23.20595415583857,58.6678483117408]}"
00000000000000000063_0,484,2846,1673,580,828,801,1382,2419,2700,2868,3021,3043,0.028047921071176884,MON-B,0.56336874,-21.48472137,-13.59189841,7.892822965306433,"{""geodesic"":false,""type"":""Point"",""coordinates"":[23.156816309797232,58.64018020098992]}"
0000000000000000003e_0,477,2890,1724,577,859,824,1527,2423,2737,2930,3091,3055,0.028666389696717906,MON-C,0.5610016,-20.51141421,-13.03152926,7.4798849548104265,"{""geodesic"":false,""type"":""Point"",""coordinates"":[23.15367220630281,58.64116834780245]}"
0000000000000000001c_0,381.5,2042.5,1069.5,435,688.5,565.5,1077.5,2386.5,2774,3100,3024,2943.5,-0.150903467,NEE-A-UUS,0.69144726,-15.8533357,-10.39331759,5.4600181124567495,"{""geodesic"":false,""type"":""Point"",""coordinates"":[22.74080650172148,58.38425017654426]}"
00000000000000000059_0,480.5,2429.5,1409,470,743.5,664,1268.5,2249,2507,2611,2793.5,2724,0.002024455,NEE-B-UUS,0.5945038,-18.5573337,-12.2009163,6.356417396424048,"{""geodesic"":false,""type"":""Point"",""coordinates"":[22.73811155586912,58.38469933418632]}"
0000000000000000007a_0,453,2737.5,1604,571.5,796,757.5,1369.5,2479.5,2792,2900,3088.5,3027.5,0.003373286,NEE-C-UUS,0.58578265,-18.86401769,-12.3764321,6.487585591,"{""geodesic"":false,""type"":""Point"",""coordinates"":[21.923698919286362,58.28570498987636]}"
00000000000000000009_0,684,3320.5,2317.5,899.5,1111,1224,1674.5,2222.5,2438,2590,2759,2714,0.13131690316156336,NEE-K,0.35815418,-17.48714701,-11.02597399,6.461173011,"{""geodesic"":false,""type"":""Point"",""coordinates"":[22.817971784627346,58.76819012897695]}"
00000000000000000010_0,287.5,2556,1456,498.5,738.5,730.5,1370,2457,2745,2910,3124,3119,-0.018222554,NOM-A-UUS,0.5986815,-19.46353794,-12.82430776,6.639230178618757,"{""geodesic"":false,""type"":""Point"",""coordinates"":[22.437625093331143,58.943361609380254]}"
0000000000000000006e_0,343,2355,1479.5,454.5,661,623.5,1123.5,1856,2119,2388,2392,2536.5,0.023363683215942278,NOM-B-UUS,0.58592063,-19.75197037,-12.46581326,7.286157111,"{""geodesic"":false,""type"":""Point"",""coordinates"":[22.43609795734814,58.94452941924961]}"
0000000000000000004a_0,480,2537,1413,532,807,647,1272,2554,2872,2996,3143,3290,-0.05125149,NOM-C-UUS,0.6447982,-21.11059677,-13.5020401,7.6085566605372446,"{""geodesic"":false,""type"":""Point"",""coordinates"":[23.070847537106992,58.4370711152505]}"
0000000000000000005f_0,447,2456,1443,494,725,665,1257,2119,2360,2474,2662,2680,0.025127279,NOM-K-UUS,0.5762982,-20.39048319,-13.47879411,6.911689081157501,"{""geodesic"":false,""type"":""Point"",""coordinates"":[23.34483369876345,58.64413278824004]}"
00000000000000000023_0,381.5,1658,955,354,546,370,926,2058.5,2341.5,2512,2597.5,2592.5,-0.171230078,ORI-A,0.74323386,-16.32118933,-10.47164906,5.849540265608468,"{""geodesic"":false,""type"":""Point"",""coordinates"":[23.318063903296686,58.64745655479128]}"
00000000000000000024_0,470,2427.5,1426.5,478.5,712.5,589.5,1252.5,2218.5,2470,2570,2716.5,2739,-0.005193306,ORI-B,0.6268397,-18.44244185,-12.73741762,5.705024236938293,"{""geodesic"":false,""type"":""Point"",""coordinates"":[23.23640704397022,58.67099241523522]}"
00000000000000000004_0,428,2464,1419,482,660,640,1257,2470,2830,2938,3145,2868,-0.048436542,ORI-C,0.6422582,-18.38349631,-12.07376024,6.309736071896358,"{""geodesic"":false,""type"":""Point"",""coordinates"":[23.20927792238981,58.66263808309291]}"
00000000000000000080_0,447,2758,1702,535,730,744,1302,2191,2476,2574,2782,2931,0.059446377,PAA-A,0.5515371,-21.86182416,-14.20622542,7.655598748,"{""geodesic"":false,""type"":""Point"",""coordinates"":[22.30638123032128,58.282021897211465]}"
00000000000000000020_0,277.5,1773.5,961.5,295.5,513.5,374.5,981.5,2241.5,2624,2583,2851,2633,-0.145329752,PAA-B,0.7467456,-15.00528,-9.627339624,5.3779403753186426,"{""geodesic"":false,""type"":""Point"",""coordinates"":[22.633727319854433,58.30052719206433]}"
00000000000000000081_0,324.5,2512,1543,578,799.5,872,1330,2247,2547,2638,2866,2576,0.025454545454545455,PAA-B-LISA,0.5031339,-20.32313261,-13.42788561,6.8952469978449535,"{""geodesic"":false,""type"":""Point"",""coordinates"":[22.315544046219298,58.28525583223429]}"
0000000000000000007f_0,285,1291,700,359,526,453,739,1625,1892,2188,2099,2106,-0.187135866,PAA-C-UUS,0.65694815,-15.60677302,-11.21171462,4.3950584039260185,"{""geodesic"":false,""type"":""Point"",""coordinates"":[21.935646512565153,58.30169500193368]}"
0000000000000000000b_0,722,3280,2104,803,1015,1172,1764,2442,2730,3030,3122,3200,0.074713337,PAA-K,0.44217038,-20.37453163,-13.24055417,7.133977459383461,"{""geodesic"":false,""type"":""Point"",""coordinates"":[23.216284781605943,58.46330192154679]}"
0000000000000000002c_0,266,1953,1183,451,641,626,1035,1833,2085,2204,2364,2333,-0.014520443,PAE-A,0.55759716,-17.85360463,-11.63609071,6.217513912777521,"{""geodesic"":false,""type"":""Point"",""coordinates"":[22.437804756387965,58.941744641868844]}"
00000000000000000011_0,257,1285,657,230,381,256,641,1690,2010,2158,2211,2391,-0.215576483,PAE-B-UUS,0.7879039,-13.7466004,-8.710093236,5.03650716,"{""geodesic"":false,""type"":""Point"",""coordinates"":[22.307549040190636,58.31939181303083]}"
0000000000000000006d_0,478,2490.5,1394,548.5,818,652.5,1274.5,2649,2972.5,3126,3257.5,3164.5,-0.077961129,PAE-C-UUS,0.6546249,-19.83118242,-12.81390923,7.017273194876619,"{""geodesic"":false,""type"":""Point"",""coordinates"":[23.070039053351284,58.437250778307316]}"
00000000000000000002_0,602,3152,1979,662,904,945,1466,2221,2519,2702,2865,2802,0.098244203,PAE-K,0.48176584,-21.57367392,-13.71279076,7.860883152311459,"{""geodesic"":false,""type"":""Point"",""coordinates"":[23.38453923432153,58.543790971003894]}"
00000000000000000076_0,570.5,2348,1193.5,554,852,675.5,1336,3092,3562,3789,3911.5,3698.5,-0.1791217,PAO-A-UUS,0.6973905,-18.72373724,-12.06573076,6.658006482797379,"{""geodesic"":false,""type"":""Point"",""coordinates"":[23.531054457161424,58.5904135342497]}"
00000000000000000054_0,630,2847,1706,640,873,809,1436,2467,2758,2858,3072,3209,0.022085547,PAO-B-UUS,0.5587674,-22.64266912,-14.83268567,7.809983444702562,"{""geodesic"":false,""type"":""Point"",""coordinates"":[23.27413628590324,58.479651259717755]}"
00000000000000000075_0,448,2675,1452.5,585,875,819,1453,2862,3227.5,3388,3524,3504.5,-0.064148922,PAO-C-UUS,0.61064893,-18.15814406,-11.35114055,6.8070035117011845,"{""geodesic"":false,""type"":""Point"",""coordinates"":[24.12529001760649,58.64548026116622]}"
0000000000000000003d_0,489,2636.5,1686.5,549.5,742.5,721.5,1230,2079.5,2334,2427,2631,2799.5,0.060225748,PAO-K,0.54168653,-21.96495461,-13.27009283,8.694861777764086,"{""geodesic"":false,""type"":""Point"",""coordinates"":[23.20550499819651,58.66703982798509]}"
00000000000000000007_0,273.5,1143,592,296,426,282,661,1578.5,1837.5,1902,1997.5,2012,-0.213359095,PIV-A,0.7417582,-13.6853796,-8.80057539,4.884804207425983,"{""geodesic"":false,""type"":""Point"",""coordinates"":[23.26533279611887,58.57864560402773]}"
00000000000000000067_0,480.5,2351.5,1272,497,788,608,1339.5,2906,3279,3523,3639,3716.5,-0.151944982,PIV-B,0.70564026,-19.52652526,-13.0288681,6.49765716,"{""geodesic"":false,""type"":""Point"",""coordinates"":[23.35004392741134,58.536604448730934]}"
00000000000000000065_0,463,2357,1361,479,736,566,1243,2428,2712,2916,2990,3208,-0.074707186,PIV-C,0.67489946,-18.49677272,-11.48082346,7.015949259579482,"{""geodesic"":false,""type"":""Point"",""coordinates"":[23.09105963099968,58.61134428036968]}"
00000000000000000074_0,459,1694.5,818,434.3333333333333,692,460.5,1099,2472.5,2855,3048,3089.5,3178.1666666666665,-0.235454115,SAR-A,0.73749465,-17.17358354,-10.92623287,6.247350668699662,"{""geodesic"":false,""type"":""Point"",""coordinates"":[23.59663147290215,58.558164015549806]}"
0000000000000000002f_0,446,1716,1007,364,611,387,1039,2365,2748,2836,3074,3275,-0.206864039,SAR-B,0.7598511,-15.8188198,-10.58632583,5.232493972099606,"{""geodesic"":false,""type"":""Point"",""coordinates"":[24.163648080238392,58.634880140813614]}"
00000000000000000051_0,501,1876,967.5,463,699.1666666666667,470.5,1201.1666666666665,2489,2811.25,3085.5,3046.6666666666665,3212.5,-0.203901612,SAR-C,0.73537683,-17.72116583,-12.18039317,5.540772665776119,"{""geodesic"":false,""type"":""Point"",""coordinates"":[23.596361978316914,58.55843351013504]}"
0000000000000000002e_0,518,2638,1705.5,633,858.5,863,1398.5,1988.5,2201.5,2327,2498.5,2507,0.083733168,SAR-C-UUS,0.45893416,-23.33325335,-14.19670536,9.136547995139434,"{""geodesic"":false,""type"":""Point"",""coordinates"":[23.005989173593562,58.88182701241807]}"
00000000000000000036_0,294,1475,712,329.5,559,337.5,876,2125.5,2455,2571,2662.5,2706.5,-0.230850838,TAM-A,0.7679216,-17.18570749,-10.94741365,6.238293834536108,"{""geodesic"":false,""type"":""Point"",""coordinates"":[22.201368173607708,58.122031945109775]}"
0000000000000000005a_0,506,2160,1408,473,607,599,1047,1714,1906,2008,2194,2398,0.053053435,TAM-B,0.540468,-18.83058998,-12.11832,6.712269982318482,"{""geodesic"":false,""type"":""Point"",""coordinates"":[21.93510752339468,58.300886518177975]}"
0000000000000000001d_0,359,2533,1502,450,698,585,1266,2457,2786,3060,3037,2912,-0.05914303,TAM-C-UUS,0.67901236,-19.25481358,-12.10037618,7.154437400564484,"{""geodesic"":false,""type"":""Point"",""coordinates"":[22.196607102601874,58.12122346135407]}"
0000000000000000000a_0,578,3104.5,1834,757.5,993.5,1067,1628.5,2429,2711,2946,3068.5,2993.5,0.059428571,TAM-K,0.46822825,-21.2858329,-13.75270796,7.533124937,"{""geodesic"":false,""type"":""Point"",""coordinates"":[23.031950485304616,58.826580622444716]}"
0000000000000000001f_0,481,2943,1770,595,819,864,1442,2390,2697,2894,3059,3044,0.043585526,TYR-A,0.5401809,-21.32161537,-14.13961616,7.181999213012066,"{""geodesic"":false,""type"":""Point"",""coordinates"":[22.30692021949175,58.28121341345576]}"
0000000000000000005d_0,475,2629,1606.5,555,796.5,832,1341,2256,2554.5,2708,2873,2966,0.029446758,TYR-B-UUS,0.5299435,-21.4152145,-13.9125709,7.502643606,"{""geodesic"":false,""type"":""Point"",""coordinates"":[22.319406801941014,58.28615414751842]}"
00000000000000000046_0,471,2259.5,1282.5,446.5,717,571.5,1252,2327.5,2592.5,2719,2893.5,2930.5,-0.05578254,TYR-K,0.65263635,-17.7448383,-12.13556924,5.609269061842843,"{""geodesic"":false,""type"":""Point"",""coordinates"":[22.814288691962457,58.76827996050536]}"
0000000000000000004b_0,369,2854,1764,535,763,841,1318,1936,2169,2348,2448,2518,0.12344177561568866,UUG-A,0.47256193,-22.34290795,-13.96570629,8.377201663658422,"{""geodesic"":false,""type"":""Point"",""coordinates"":[22.43798441944479,58.944619250778025]}"
00000000000000000012_0,383,2387,1298,477,696,574,1222,2438,2752,2974,3099,3035,-0.076419214,UUG-B-UUS,0.67643744,-18.52553656,-12.12022677,6.405309791899223,"{""geodesic"":false,""type"":""Point"",""coordinates"":[22.688524552185726,58.22560769736876]}"
0000000000000000003a_0,462,2572,1539,541,747,727,1281,2164,2411,2588,2683,2717,0.026446795,UUG-K,0.56138766,-20.67289625,-12.81285212,7.860044129348637,"{""geodesic"":false,""type"":""Point"",""coordinates"":[23.346001508632803,58.64413278824004]}"
00000000000000000018_0,438,2804.5,1763.5,532.5,754.5,794,1380,2180.5,2507,2766,2888,2736,0.043497173,VAN-A-UUS,0.5539326,-20.06919014,-13.53354185,6.535648292488714,"{""geodesic"":false,""type"":""Point"",""coordinates"":[21.93995842592893,58.445515278921214]}"
00000000000000000019_0,361.5,2656.5,1619,575,762,792.5,1285.5,2078.5,2317,2530,2672.5,2315.5,0.052487031,VAN-B,0.5229496,-19.46694318,-13.58444163,5.882501552753695,"{""geodesic"":false,""type"":""Point"",""coordinates"":[21.951277198508834,58.50606172907087]}"
00000000000000000077_0,564,2445.5,1475,566,845.5,733.5,1382,2638.5,2974,3208,3238.5,3310.5,-0.085574572,VAN-C,0.62780666,-19.36811399,-13.37618319,5.991930801124337,"{""geodesic"":false,""type"":""Point"",""coordinates"":[23.283029607216022,58.476776650808574]}"
0000000000000000003f_0,556,2701.5,1750.5,566,798,757.5,1403,2233,2464.5,2714,2749.5,2913,0.026561804422021072,VAN-K,0.5635892,-20.46935423,-13.98851856,6.480835665550492,"{""geodesic"":false,""type"":""Point"",""coordinates"":[23.23829350606687,58.67117207829204]}"
00000000000000000079_0,454,2797.5,1731,602.5,826.5,794,1374.5,2216.5,2482.5,2695,2780,2868.5,0.042676731020467415,VIR-A-LISA,0.54485524,-21.42037679,-14.62756364,6.792813152,"{""geodesic"":false,""type"":""Point"",""coordinates"":[21.951007703923597,58.506600718241344]}"
0000000000000000001b_0,329,2468,1399,469,749,692,1364,2420,2715,2972,3086,2720,-0.042569308,VIR-B-LISA,0.62227076,-20.7885132,-14.66800882,6.1205043744467655,"{""geodesic"":false,""type"":""Point"",""coordinates"":[22.032215405608003,58.42108110319317]}"
00000000000000000068_0,306,1325,640,337,528,314,843,2177,2563,2592,2773,3203,-0.282399299,VIR-K-LISA,0.7838954,-15.89586671,-10.22284594,5.673020766172215,"{""geodesic"":false,""type"":""Point"",""coordinates"":[23.023596153162305,58.58421515878927]}"
00000000000000000017_0,417.5,2219,1159,462.5,890.5,531.5,1373,3257,3765.5,4218,4105,3687,-0.259722783,VOH-A,0.77618694,-20.27552479,-14.5404736,5.735051182576349,"{""geodesic"":false,""type"":""Point"",""coordinates"":[24.12960193097026,58.64673790256399]}"
00000000000000000073_0,337,1612,804,383.5,644,399,1027,2374.5,2691,2834,2937.5,3022,-0.230754519,VOH-C,0.75317043,-16.57179682,-10.12041421,6.451382607004904,"{""geodesic"":false,""type"":""Point"",""coordinates"":[23.513357646064268,58.641348010859275]}"
00000000000000000048_0,572,3053.5,2029,681,823,902.5,1364,1883,2097.5,2198,2428.5,2420.5,0.15757132406730065,VOI1-A,0.41783583,-22.73214311,-12.93698826,9.795154851293463,"{""geodesic"":false,""type"":""Point"",""coordinates"":[23.047132013606237,58.83224000873467]}"
00000000000000000049_0,470,2726,1775.5,563,752.5,803,1184,1776,2001,2063,2284.5,2205,0.14670999187652314,VOI1-B,0.43963712,-22.23438606,-12.6035178,9.630868252201731,"{""geodesic"":false,""type"":""Point"",""coordinates"":[22.98892118319529,58.89539157320827]}"
0000000000000000000e_0,471,2678,1713,561,765,819,1294,2002,2242,2536,2578,2175,0.060661207158022444,VOI1-C,0.51177347,-21.26910884,-13.08394658,8.185162257286638,"{""geodesic"":false,""type"":""Point"",""coordinates"":[22.989190677780527,58.895032247094626]}"
00000000000000000000_0,412,2557,1415,555,763,601,1228,2520,2882,3140,3160,2987,-0.078359842,VOI1-K,0.67869556,-20.08244897,-13.21081861,6.871630352444312,"{""geodesic"":false,""type"":""Point"",""coordinates"":[23.347169318502157,58.62688513478495]}"
0000000000000000006f_0,340,1706,995,365,525,459,876,1709,1961,2014,2163,2264,-0.04709507,VOI3-A-LISA,0.6287909,-15.91339719,-10.47699314,5.436404046739957,"{""geodesic"":false,""type"":""Point"",""coordinates"":[22.305752409622396,58.31858332927513]}"
00000000000000000070_0,259,1212,555,303,466,272,691,2009,2393,2604,2597,2669,-0.324071965,VOI3-B-LISA,0.8108484,-16.22810824,-10.06294212,6.165166121631714,"{""geodesic"":false,""type"":""Point"",""coordinates"":[22.68564994327654,58.220936457891334]}"
0000000000000000005c_0,403,2753,1613,519,749,727,1246,1927,2222,2466,2591,2798,0.076566125,VOR-A-UUS,0.54462886,-22.41747795,-13.7192579,8.698220050915461,"{""geodesic"":false,""type"":""Point"",""coordinates"":[21.9961031311864,57.977852342008596]}"
0000000000000000007d_0,349,2474,1424,433,662,626,1182,2234,2565,2722,2884,3010,-0.008792966,VOR-B,0.6260454,-19.84690987,-12.93713992,6.909769948306776,"{""geodesic"":false,""type"":""Point"",""coordinates"":[22.197595249414405,58.121582787467716]}"
0000000000000000005b_0,439.5,2172.5,1419.5,479,629,695.5,1100.5,1712.5,1929,2012,2182.5,2160,0.070348946,VOR-C,0.4862419,-21.34574713,-13.02265721,8.323089926265675,"{""geodesic"":false,""type"":""Point"",""coordinates"":[22.201278342079295,58.12131329288248]}"
00000000000000000027_0,350,1663,931,361,555,403,901,2035,2347,2384,2590,2382,-0.141134899,VOR-K,0.7108002,-16.33755921,-10.89640669,5.441152521710217,"{""geodesic"":false,""type"":""Point"",""coordinates"":[23.004282374553735,58.857303005161604]}"
